name,price_at_scrape,price_reduction_rec_retail_at_scrape,scraoe_date
Blackmores Lyprinol Marine Value Pack 100 Capsules,44.99,42.51,2021-03-28
Blackmores Joint Formula Advanced 120 Tablets,39.99,40.00,2021-03-28
Blackmores Pregnancy and Breastfeeding Gold 180 Capsules,37.49,35.51,2021-03-28
Oral B Pro 100 Cross Action Power Toothbrush Black,34.99,35.00,2021-03-28
Oral B Pro 100 Cross Action Power Toothbrush Black,34.99,35.00,2021-03-28
Oral B Pro 100 3D White Polish Power Toothbrush Pink,34.99,35.00,2021-03-28
Blackmores Glucosamine Sulfate 1500mg One-A-Day 180 Tablets,35.99,34.00,2021-03-28
Blackmores Macu Vision 150 Tablets,36.99,30.01,2021-03-28
Oral B Vitality Power Toothbrush Kids Frozen,19.99,30.00,2021-03-28
Oral B Vitality Power Toothbrush Precision Clean +2 Refills,19.99,30.00,2021-03-28
Oral B Vitality Power Toothbrush Sensitive +2 Refills,19.99,30.00,2021-03-28
Oral B Vitality Power Toothbrush Precision Clean +2 Refills,19.99,30.00,2021-03-28
Nature's Own Glucosamine Sulfate 1500 with Chondroitin 160 Tablets,29.99,29.00,2021-03-28
Blackmores Bio C 1000 150 Tablets,19.99,26.01,2021-03-28
Neutrogena Rapid Wrinkle Repair Regenerating Cream 48G,24.49,24.50,2021-03-28
Neutrogena Rapid Wrinkle Repair Regenerating Cream Fragrance-free 48g,24.49,24.50,2021-03-28
Nude by Nature Complexion Essentials Medium,35.99,23.96,2021-03-28
Nude by Nature Complexion Essentials Light/Medium,35.99,23.96,2021-03-28
Nude by Nature Xmas 2020 Golden Sunrise Medium,35.99,23.96,2021-03-28
Blackmores Omega Triple Concentrated Fish Oil 150 Capsules,33.99,23.00,2021-03-28
Blackmores Odourless Fish Oil 400 Mini Capsules,28.99,22.51,2021-03-28
Nature's Way Kids Smart Omega-3 Fish Oil Trio 180 Capsules,22.47,22.48,2021-03-28
Neutrogena Rapid Wrinkle Repair Anti-Ageing Serum 29mL,21.49,21.50,2021-03-28
Neutrogena Rapid Wrinkle Repair Retinol Oil 30ml,21.49,21.50,2021-03-28
Neutrogena Rapid Wrinkle Repair Anti-Ageing Moisturiser Night 29mL,19.99,20.00,2021-03-28
Neutrogena Rapid Wrinkle Repair Moisturiser SPF 15 29ml,19.99,20.00,2021-03-28
Neutrogena Rapid Tone Repair Moisturiser Night 29ml,19.99,20.00,2021-03-28
Oral B Power Toothbrush Genius Series 8500 Silver Exclusive Pack,169.99,20.00,2021-03-28
Oral B Precision Clean Refills 8 Pack,29.99,20.00,2021-03-28
Blackmores Evening Primrose Oil 190 Capsules,22.99,19.51,2021-03-28
Blackmores Total Calcium & Magnesium + D3 200 Tablets,21.99,19.00,2021-03-28
Nature's Own Odourless Fish Oil 2000mg - Source of Omega-3 - 200 Capsules,18.99,19.00,2021-03-28
Nature's Own Odourless Fish Oil 2000mg - Source of Omega-3 - 200 Capsules,18.99,19.00,2021-03-28
Blackmores Executive B 160 Tablets,44.99,18.00,2021-03-28
Gillette Skinguard A5 Cartridges 10 Pack,40.69,17.81,2021-03-28
Gillette Skinguard A5 Cartridges 10 Pack,40.69,17.81,2021-03-28
Gillette Skinguard A5 Cartridges 10 Pack,40.69,17.81,2021-03-28
L'Oreal Paris Age Perfect Cell Renewal Serum 30ml,32.39,17.56,2021-03-28
Blackmores Bio C Chewable 500mg 200 Tablets,18.99,17.51,2021-03-28
Blackmores Lutein Vision Advanced 60 Tablets NEW,40.99,17.50,2021-03-28
Blackmores Lutein Vision Advanced 60 Tablets NEW,40.99,17.50,2021-03-28
Neutrogena Rapid Wrinkle Repair Anti Ageing Eye Cream 14mL,17.49,17.50,2021-03-28
Neutrogena Bright Boost Illuminating Serum 30ml,17.49,17.50,2021-03-28
Neutrogena Bright Boost Illuminating Serum 30ml,17.49,17.50,2021-03-28
Nature's Way Beauty Collagen Shots 10 x 50ml,17.49,17.50,2021-03-28
Neutrogena Rapid Tone Repair Dark Circle Eye Cream 3.9ml,17.44,17.46,2021-03-28
Blackmores Vitamin E 1000IU 100 Capsules,44.99,17.00,2021-03-28
Blackmores Macu Vision Plus 120 Tablets,49.49,17.00,2021-03-28
Nature's Way Greens Plus 300g,43.99,16.00,2021-03-28
Nude by Nature Essential Collection 7 Piece Brush,23.99,15.96,2021-03-28
L'Oreal Paris Age Perfect Cell Renewal Night Cream 50ml,28.99,15.96,2021-03-28
L'Oreal Paris Age Perfect Cell Renewal Day Cream 50ml,28.99,15.96,2021-03-28
Gillette Fusion ProShield Cartridges 8 Pack,36.39,15.60,2021-03-28
Gillette Fusion ProShield Cartridges 8 Pack,36.39,15.60,2021-03-28
Gillette Fusion ProShield Cartridges 8 Pack,36.39,15.60,2021-03-28
Nature's Way Beauty Collagen Powder 120g,14.99,15.00,2021-03-28
Neutrogena Hydro Boost Serum Anti-Oxidant Capsules 30ml,14.99,15.00,2021-03-28
Neutrogena Bright Boost Gel Cream 50g,14.99,15.00,2021-03-28
Neutrogena Bright Boost Gel Cream 50g,14.99,15.00,2021-03-28
Blackmores Fish Oil 1000mg 400 Capsules,26.99,15.00,2021-03-28
Gillette Fusion Power Refill Blades 8 Pack,29.99,14.70,2021-03-28
Gillette Fusion Power Refill Blades 8 Pack,29.99,14.70,2021-03-28
Gillette Fusion Power Refill Blades 8 Pack,29.99,14.70,2021-03-28
Blackmores Cholesterol Health 60 Capsules,23.99,14.51,2021-03-28
Blackmores Cholesterol Health 60 Capsules,23.99,14.51,2021-03-28
Blackmores Odourless Fish Oil 1000mg 400 Capsules,31.99,14.01,2021-03-28
Neutrogena Hydro Boost Water Gel 50g,13.49,13.50,2021-03-28
Neutrogena Hydro Boost Gel Cream 50g,13.49,13.50,2021-03-28
Neutrogena Hydro Boost Night Concentrate 50g,13.49,13.50,2021-03-28
Natures Own Triple Concentrated Fish Oil Odourless 90 Capsules,18.99,13.50,2021-03-28
Oral B 3D White Whitestrips 28 Whitening Treatments,31.49,13.50,2021-03-28
Blackmores Omega Brain Health 60 Capsules,19.99,13.01,2021-03-28
Aveeno Active Naturals Skin Relief Moisturising Lotion Fragrance Free 1L,15.99,13.00,2021-03-28
Blackmores Vitamin D3 1000IU 200 Capsules,16.99,13.00,2021-03-28
Aveeno Active Naturals Skin Relief Moisturising Lotion Fragrance Free 1L,15.99,13.00,2021-03-28
L'Oreal Paris Age Perfect Intense Nutrition Night 50ml,23.99,12.96,2021-03-28
Gillette ProGlide Manual Cartridge 10 Pack,29.39,12.60,2021-03-28
Gillette ProGlide Manual Cartridge 10 Pack,29.39,12.60,2021-03-28
Gillette ProGlide Manual Cartridge 10 Pack,29.39,12.60,2021-03-28
Gillette ProGlide Manual Cartridge 10 Pack,29.39,12.60,2021-03-28
Gillette ProGlide Manual Cartridge 10 Pack,29.39,12.60,2021-03-28
Gillette ProGlide Manual Cartridge 10 Pack,29.39,12.60,2021-03-28
Maybelline The Falsies Lash Lift Volumising Mascara - Blackest Black,12.47,12.48,2021-03-28
Maybelline Lash Sky High Mascara Washable Blackest Black,12.47,12.48,2021-03-28
Maybelline Lash Sensational Sky High Mascara Waterproof,12.47,12.48,2021-03-28
Depend Women Real Fit Underwear Super Extra Large 16 Bulk Pack,17.99,12.00,2021-03-28
Depend Women Real Fit Underwear Super Large 16 Bulk Pack,17.99,12.00,2021-03-28
Depend Women Real Fit Underwear Super Medium 16 Bulk Pack,17.99,12.00,2021-03-28
Gillette Fusion Shaving Blades Refill 8 Pack,27.99,12.00,2021-03-28
Gillette Fusion Shaving Blades Refill 8 Pack,27.99,12.00,2021-03-28
Gillette Fusion Shaving Blades Refill 8 Pack,27.99,12.00,2021-03-28
Gillette Fusion 10 Pack,26.69,11.80,2021-03-28
Gillette Fusion 10 Pack,26.69,11.80,2021-03-28
Gillette Fusion 10 Pack,26.69,11.80,2021-03-28
Centrum Advance 50+ 100 Tablets,10.49,11.50,2021-03-28
Centrum Advance 100 Tablets,10.49,11.50,2021-03-28
Maybelline Lash Sensational Lengthening Mascara - Blackest Black,11.47,11.48,2021-03-28
Blackmores Conceive Well Gold 28 Tablets + 28 Capsules,31.99,11.01,2021-03-28
Blackmores Magmin 500mg 250 Tablets,38.49,11.00,2021-03-28
Nature's Own Bodyfuel Womens Multivitamin 60 Tablets,15.99,10.50,2021-03-28
Nature's Own Bodyfuel 50+ Multivitamin 60 Tablets,15.99,10.50,2021-03-28
Nature's Own Bodyfuel Mens Multivitamin 60 Tablets,15.99,10.50,2021-03-28
Oral B 3D White Luxe Advance Seal 14 Whitening Treatments,24.49,10.50,2021-03-28
Oral B 3D White Luxe Advance Seal 14 Whitening Treatments,24.49,10.50,2021-03-28
Nature's Way Glucosamine + Fish Oil 200 Soft Capsules,24.49,10.46,2021-03-28
La Roche-Posay Redermic Vitamin C10 Serum 30ml,59.49,10.46,2021-03-28
La Roche-Posay Hyalu B5 Hyaluronic Acid Anti-Ageing Serum 30ml,59.49,10.46,2021-03-28
La Roche Posay Retinol B3 Anti-Ageing Serum 30ml,59.49,10.46,2021-03-28
Neutrogena Hydro Boost Mask 5 Piece,9.99,10.00,2021-03-28
Neutrogena Hydro Boost Eye Roll-On 15g,9.99,10.00,2021-03-28
Aveeno Active Naturals Daily Moisturising Fragrance Free Body Lotion 1 Litre,15.99,10.00,2021-03-28
Aveeno Active Naturals Daily Moisturising Fragrance Free Body Lotion 1 Litre,15.99,10.00,2021-03-28
Blackmores Bio Magnesium 200 Tablets Exclusive Size,29.99,10.00,2021-03-28
Wagner Mega Magnesium + Sleep Berry 400g,29.99,10.00,2021-03-28
Nature's Way Beauty Collagen 40 Gummies,9.99,10.00,2021-03-28
Oral B Stages Kids Frozen Gift Pack 3+ Years,39.99,10.00,2021-03-28
Oral B Variety Refills 4 Pack,14.99,10.00,2021-03-28
Oral B Stages Kids Frozen Gift Pack 3+ Years,39.99,10.00,2021-03-28
Oral B Stages Kids Star Wars Gift Pack 6+ Years,39.99,10.00,2021-03-28
Oral B Stages Kids Star Wars Gift Pack 6+ Years,39.99,10.00,2021-03-28
Oral B Variety Refills 4 Pack,14.99,10.00,2021-03-28
Difflam First Sign Defence Probiotic 30 Lozenges,20.00,9.99,2021-03-28
Bisolvon Chesty Ivy Leaf Honey Lemon 200ml,7.00,9.99,2021-03-28
Nature's Way Vita Gummies Hair Skin Nail 60 Gummies,9.97,9.98,2021-03-28
Nature's Way Adult Vita Gummies Womens Multivitamin 100 Gummies,9.97,9.98,2021-03-28
Nature's Way Adult Vita Gummies Fibre 110 Gummies,9.97,9.98,2021-03-28
Nature's Way Adult Vita Gummies Probiotic Sugar Free 65 Gummies,9.97,9.98,2021-03-28
Nude by Nature BB Brush 18,14.99,9.96,2021-03-28
Gillette Mach 3 Turbo 3D Cartridges 8 Pack,22.69,9.80,2021-03-28
Gillette Mach 3 Turbo 3D Cartridges 8 Pack,22.69,9.80,2021-03-28
Gillette Mach 3 Turbo 3D Cartridges 8 Pack,22.69,9.80,2021-03-28
Gillette Mach 3 Turbo Sensitive 8 Pack,22.39,9.60,2021-03-28
Gillette Mach 3 Turbo Sensitive 8 Pack,22.39,9.60,2021-03-28
Depend Men Real Fit Underwear Large 16 Bulk Pack,14.39,9.60,2021-03-28
Depend Men Real Fit Underwear Medium 16 Bulk Pack,14.39,9.60,2021-03-28
Gillette Mach 3 Turbo Sensitive 8 Pack,22.39,9.60,2021-03-28
Blackmores Bio Zinc 168 Tablets,31.99,9.51,2021-03-28
Gillette Mach 3+ Cartridges 8 Pack,21.69,9.30,2021-03-28
Gillette Mach 3+ Cartridges 8 Pack,21.69,9.30,2021-03-28
Gillette Mach 3+ Cartridges 8 Pack,21.69,9.30,2021-03-28
Gillette Fusion ProGlide Power Styler Shaving Razor 1 Pack,20.99,9.00,2021-03-28
Gillette Fusion ProGlide Power Styler Shaving Razor 1 Pack,20.99,9.00,2021-03-28
Gillette Fusion ProGlide Power Styler Shaving Razor 1 Pack,20.99,9.00,2021-03-28
Aveeno Active Naturals Skin Relief Moisturising Body Wash Fragrance Free 1 Litre,15.99,9.00,2021-03-28
Wagner Coq10 150mg 100 Capsules,24.99,9.00,2021-03-28
Aveeno Baby Dermexa Moisturising Cream for Eczema Prone Skin 206g,13.19,8.80,2021-03-28
Gillette Sensor Excel Refill Shaving Cartridge Pack 10,19.99,8.75,2021-03-28
Gillette Sensor Excel Refill Shaving Cartridge Pack 10,19.99,8.75,2021-03-28
Gillette Sensor Excel Refill Shaving Cartridge Pack 10,19.99,8.75,2021-03-28
Blackmores Flaxseed Oil 1000mg 100 Vegetarian Capsules,13.99,8.51,2021-03-28
Blackmores Probiotics+ Womens Flora Balance 30 Capsules,24.99,8.51,2021-03-28
Neutrogena Deep Clean Micellar Gel to Foam Normal to Oily Skin 142ml,8.49,8.50,2021-03-28
Oral B Precision Clean Replacement Electric Toothbrush Heads 3 Pack,12.59,8.40,2021-03-28
Oral B Precision Clean Replacement Electric Toothbrush Heads 3 Pack,12.59,8.40,2021-03-28
Blackmores Executive B Bulk Pack 250 Tablets,46.99,8.00,2021-03-28
Aveeno Active Naturals Daily Moisturising Body Wash 1 Litre,15.99,8.00,2021-03-28
Aveeno Oat Milk Shampoo 354ml,7.99,8.00,2021-03-28
Aveeno Almond Oil Conditioner 354ml Online Only,7.99,8.00,2021-03-28
Aveeno Oat Milk Conditioner 354ml,7.99,8.00,2021-03-28
Aveeno Apple Cider Vinegar Conditioner 354ml,7.99,8.00,2021-03-28
Aveeno Almond Oil Shampoo 354ml Online Only,7.99,8.00,2021-03-28
Aveeno Apple Cider Vinegar Shampoo 354ml,7.99,8.00,2021-03-28
Wagner Vitamin D3 1000IU 250 Capsules,6.99,8.00,2021-03-28
Caltrate Bone and Muscle 100 Tablets,9.99,8.00,2021-03-28
Caltrate Bone & Muscle 50+ 100 Tablets,9.99,8.00,2021-03-28
Neutrogena Hydro Boost Cleanser Water Gel 145ml,7.99,8.00,2021-03-28
Nature's Way Kids Probiotic Balls 50,7.97,7.98,2021-03-28
Blackmores Ginkgo 6000mg 30 Tablets,33.99,7.51,2021-03-28
Blackmores Lutein Defence 60 Tablets,33.49,7.51,2021-03-28
Neutrogena Deep Clean Facial Cleanser Normal to Oily Skin 200mL,7.49,7.50,2021-03-28
Neutrogena Deep Clean Foaming Cleanser 175g,7.49,7.50,2021-03-28
Neutrogena Oil Free Acne Wash Pink Grapefruit Facial Cleanser 175ml,7.49,7.50,2021-03-28
Neutrogena Pore Refining Toner 250ml,7.49,7.50,2021-03-28
Nature's Way Complete Daily Multivitamin 200 Tablets,7.49,7.50,2021-03-28
Nature's Way Apple Cider Vinegar 1200mg 90 Tablets,22.49,7.50,2021-03-28
Maybelline Full 'N Soft Volumizing Waterproof Mascara - Very Black,7.47,7.48,2021-03-28
Ensure Powder Neutral 850g,29.99,7.46,2021-03-28
Ensure Vanilla 850g,29.99,7.46,2021-03-28
Ensure Chocolate 850g,29.99,7.46,2021-03-28
L'Oreal Paris Revitalift Laser x3 Serum 30ml,42.49,7.46,2021-03-28
Nature's Way Kids Smart Complete Multivitamin 100 Capsules,27.49,7.46,2021-03-28
Cetaphil Oily Skin Cleanser 500ml,9.99,7.21,2021-03-28
Cetaphil Gentle Skin Cleanser 500ml,9.99,7.21,2021-03-28
Cetaphil Moisturising Lotion 500mL Pump Pack,9.99,7.21,2021-03-28
Cetaphil Oily Skin Cleanser 500ml,9.99,7.21,2021-03-28
Cetaphil Gentle Skin Cleanser 500ml,9.99,7.21,2021-03-28
Cetaphil Moisturising Lotion 500mL Pump Pack,9.99,7.21,2021-03-28
Cetaphil Oily Skin Cleanser 500ml,9.99,7.21,2021-03-28
Cetaphil Gentle Skin Cleanser 500ml,9.99,7.21,2021-03-28
Cetaphil Moisturising Lotion 500mL Pump Pack,9.99,7.21,2021-03-28
Blackmores Super Magnesium Plus 100 Tablets,22.49,7.01,2021-03-28
Blackmores Multivitamin for Teen Boys 60 Capsules,21.49,7.01,2021-03-28
Blackmores Nails Hair & Skin 60 Tablets,14.99,7.00,2021-03-28
Centrum Kids Incremin Iron Mixture Cherry Flavour 200ml,13.99,7.00,2021-03-28
Centrum For Men 50+ 90 Tablets,17.99,7.00,2021-03-28
Centrum For Women 90 Tablets Exclusive Size,17.99,7.00,2021-03-28
Centrum For Men 90 Tablets Exclusive Size,17.99,7.00,2021-03-28
Centrum For Women 50+ 90 Tablets,17.99,7.00,2021-03-28
Difflam Sore Throat Gargle with Iodine 200ml,6.99,7.00,2021-03-28
Bisolvon Cough Relief + Relax & Calm 200ml,16.99,7.00,2021-03-28
Bisolvon Cough Relief + Immune Support 200ml,16.99,7.00,2021-03-28
Neutrogena Oil-free Moisture Combination Skin Facial Moisturiser 118 mL,6.99,7.00,2021-03-28
Neutrogena Oil-Free Daily Scrub Acne-Prone Skin 125mL,6.99,7.00,2021-03-28
Neutrogena Oil Free Acne Wash 175ml,6.99,7.00,2021-03-28
Neutrogena Oil-free Moisture Sensitive Skin Facial Moisturiser 118 mL,6.99,7.00,2021-03-28
Neutrogena Oil Free Acne Wash 175ml,6.99,7.00,2021-03-28
Cetaphil UVA/UVB Defence SPF 50+ 50mL,15.99,6.96,2021-03-28
Cetaphil UVA/UVB Defence SPF 50+ 50mL,15.99,6.96,2021-03-28
Caltrate Bone Health 100 Tablets,9.99,6.96,2021-03-28
Cetaphil UVA/UVB Defence SPF 50+ 50mL,15.99,6.96,2021-03-28
Nude by Nature Mineral Brush 11,9.99,6.96,2021-03-28
Gillette Fusion ProShield Razor 2 Up,15.69,6.80,2021-03-28
Gillette Fusion ProShield Razor Chill 2 Up,15.69,6.80,2021-03-28
Oral B FlossAction Electric Toothbrush Heads 2 Pack,10.19,6.80,2021-03-28
Oral B Cross Action Black Refills 2 Pack,10.19,6.80,2021-03-28
Oral B Cross Action Black Refills 2 Pack,10.19,6.80,2021-03-28
Oral B FlossAction Electric Toothbrush Heads 2 Pack,10.19,6.80,2021-03-28
Aveeno Baby Dermexa Wash 236ml,10.19,6.80,2021-03-28
Gillette Fusion ProShield Razor Chill 2 Up,15.69,6.80,2021-03-28
Gillette Fusion ProShield Razor 2 Up,15.69,6.80,2021-03-28
Neutrogena Deep Clean Invigorating Foaming Scrub 125mL,6.79,6.80,2021-03-28
Gillette Fusion ProShield Razor 2 Up,15.69,6.80,2021-03-28
Gillette Fusion ProShield Razor Chill 2 Up,15.69,6.80,2021-03-28
Depend Women Real Fit Underwear Super Extra Large 8 Pack,10.19,6.80,2021-03-28
Depend Women Real Fit Underwear Super Large 8 Pack,10.19,6.80,2021-03-28
Depend Women Real Fit Underwear Super Medium 8 Pack,10.19,6.80,2021-03-28
Cetaphil Gentle Skin Cleanser 1 Litre Pump Pack,18.99,6.71,2021-03-28
Cetaphil Gentle Skin Cleanser 1 Litre Pump Pack,18.99,6.71,2021-03-28
Cetaphil Moisturising Lotion 1 Litre,18.99,6.71,2021-03-28
Cetaphil Gentle Skin Cleanser 1 Litre Pump Pack,18.99,6.71,2021-03-28
Cetaphil Gentle Skin Cleanser 1 Litre Pump Pack,18.99,6.71,2021-03-28
Cetaphil Moisturising Lotion 1 Litre,18.99,6.71,2021-03-28
Cetaphil Gentle Skin Cleanser 1 Litre Pump Pack,18.99,6.71,2021-03-28
Cetaphil Gentle Skin Cleanser 1 Litre Pump Pack,18.99,6.71,2021-03-28
Cetaphil Moisturising Lotion 1 Litre,18.99,6.71,2021-03-28
Aveeno Dermexa Daily Emollient Cream 200ml,15.39,6.60,2021-03-28
Blackmores Probiotics+ Kids Daily 30 x 1.3g Oral Powder Sachets,18.99,6.51,2021-03-28
Neutrogena Body Oil Light Sesame 250mL,6.49,6.50,2021-03-28
Oral B Clinicals Mouth Rinse 1 Litre,6.49,6.50,2021-03-28
Neutrogena Rainbath refreshing shower and bath gel 250 mL,6.49,6.50,2021-03-28
Neutrogena Norwegian Formula Deep Moisture Body Lotion Sensitive 400ml,6.49,6.50,2021-03-28
Nature's Way Beauty Collagen Mature Skin 40 Gummies,18.49,6.50,2021-03-28
Nature's Way Joint Restore Osteo Krill 50caps,23.49,6.50,2021-03-28
Cetaphil Daily Advance Ultra Hydrating Lotion 226g,9.39,6.31,2021-03-28
Cetaphil Daily Advance Ultra Hydrating Lotion 226g,9.39,6.31,2021-03-28
Cetaphil Daily Advance Ultra Hydrating Lotion 226g,9.39,6.31,2021-03-28
Cetaphil Face Daily Hydrating Lotion with Hyaluronic Acid 88ml,13.99,6.00,2021-03-28
Cetaphil Face Rich Hydrating Night Cream with Hyaluronic Acid 48g,13.99,6.00,2021-03-28
Blackmores CoQ10 150mg 125 Capsules Exclusive Size,38.99,6.00,2021-03-28
Blackmores Curcumin One A Day 30 Capsules,19.99,6.00,2021-03-28
Wagner Mega B+ 100 Capsules,9.99,6.00,2021-03-28
Cetaphil Face Daily Hydrating Lotion with Hyaluronic Acid 88ml,13.99,6.00,2021-03-28
Cetaphil Face Rich Hydrating Night Cream with Hyaluronic Acid 48g,13.99,6.00,2021-03-28
Neutrogena Fresh Foaming Cleanser 200ml,5.99,6.00,2021-03-28
Curash Babycare Simply Water Wipes 6 x 80,17.99,6.00,2021-03-28
Blackmores I-Folic 150 Tablets,16.99,6.00,2021-03-28
Depend Unisex Underwear Super Plus Small & Medium 10 Pack,17.99,6.00,2021-03-28
Depend Unisex Underwear Super Plus Large 9 Pack,17.99,6.00,2021-03-28
Cetaphil Face Daily Hydrating Lotion with Hyaluronic Acid 88ml,13.99,6.00,2021-03-28
Gillette Venus Platinum Extra Smooth Razor 2 Up,13.99,6.00,2021-03-28
Gillette Fusion Pro Glide Flexball Power Razor,13.99,6.00,2021-03-28
Cetaphil Face Rich Hydrating Night Cream with Hyaluronic Acid 48g,13.99,6.00,2021-03-28
Gillette Fusion Pro Glide Flexball Power Razor,13.99,6.00,2021-03-28
Nature's Way SuperFoods Greens Plus Wild Reds 100g,16.99,6.00,2021-03-28
Nature's Way SuperFoods Greens Plus 100g,16.99,6.00,2021-03-28
Gillette Venus Platinum Extra Smooth Razor 2 Up,13.99,6.00,2021-03-28
Gillette Fusion Pro Glide Flexball Power Razor,13.99,6.00,2021-03-28
Gillette Venus Platinum Extra Smooth Razor 2 Up,13.99,6.00,2021-03-28
Cetaphil Moisture Cream 250g,8.39,5.76,2021-03-28
Cetaphil Moisture Cream 250g,8.39,5.76,2021-03-28
Cetaphil Moisture Cream 250g,8.39,5.76,2021-03-28
Depend Real Fit Underwear Male Large 8,8.39,5.60,2021-03-28
Depend Real Fit Underwear Male Medium 8,8.39,5.60,2021-03-28
Oral B Sensitive Clean Replacement Electric Toothbrush Heads 2 Refills,8.39,5.60,2021-03-28
Oral B Sensitive Clean Replacement Electric Toothbrush Heads 2 Refills,8.39,5.60,2021-03-28
Oral B Vitality Kids Frozen Power Refills 2 Pack,8.39,5.60,2021-03-28
Garnier SkinActive Micellar Cleansing Water 400mL,8.39,5.56,2021-03-28
Blackmores Bilberry Eye Support Advanced 30 Tablets,18.99,5.51,2021-03-28
Blackmores Sugar Balance 90 Tablets,16.99,5.51,2021-03-28
Blackmores Sugar Balance 90 Tablets,16.99,5.51,2021-03-28
La Roche Posay Effaclar Foaming Gel 400ml,31.49,5.46,2021-03-28
L'Oreal Paris Revitalift Filler [HA] Day Cream 50ml,39.49,5.46,2021-03-28
L'Oreal Paris Revitalift Laser x3 Night Cream Mask 50ml,39.49,5.46,2021-03-28
L'Oreal Paris Revitalift Filler Hyaluronic Acid Anti Wrinkle Serum 30ml,39.49,5.46,2021-03-28
L'Oreal Paris Revitalift Filler [HA] Night Moisturiser 50ml,39.49,5.46,2021-03-28
L'Oreal Paris Revitalift Filler [HA] Day Cream 50ml,39.49,5.46,2021-03-28
L'Oreal Paris Revitalift Filler Replumping Eye Cream 15ml,39.49,5.46,2021-03-28
L'Oreal Paris Revitalift Laser x3 Night Cream Mask 50ml,39.49,5.46,2021-03-28
L'Oreal Paris Revitalift Laser X3 Day Cream 50ml,39.49,5.46,2021-03-28
L'Oreal Paris Revitalift Laser Eye Cream 15ml,39.49,5.46,2021-03-28
Neutrogena Oil Free Eye Makeup Remover 112ml,5.44,5.45,2021-03-28
Neutrogena Alcohol Free Toner 150ml,5.44,5.45,2021-03-28
Aveeno Baby Daily Moisture Fragrance Free Lotion 532mL,12.59,5.40,2021-03-28
Aveeno Baby Daily Moisture Lightly Scented Wash & Shampoo 532mL,12.59,5.40,2021-03-28
Aveeno Baby Daily Moisture Fragrance Free Lotion 532mL,12.59,5.40,2021-03-28
Aveeno Dermexa Daily Emollient Body Wash 280mL,11.69,5.30,2021-03-28
Aveeno Active Naturals Daily Moisturising Fragrance Free Lotion 532mL,11.69,5.30,2021-03-28
Aveeno Skin Relief Moisture Repair Cream 311g,11.69,5.30,2021-03-28
Cetaphil Face Gentle Foaming Cleanser 236ml,11.69,5.30,2021-03-28
Gillette Fusion Manual Razor 2 Up,11.69,5.30,2021-03-28
Cetaphil Face Gentle Foaming Cleanser 236ml,11.69,5.30,2021-03-28
Gillette Fusion Manual Razor 2 Up,11.69,5.30,2021-03-28
Cetaphil Face Gentle Foaming Cleanser 236ml,11.69,5.30,2021-03-28
Gillette Fusion Manual Razor 2 Up,11.69,5.30,2021-03-28
L'Oreal Paris Age Perfect Toner 200ml,9.69,5.26,2021-03-28
Depend Women Real Fit Underwear 8 Medium,7.79,5.20,2021-03-28
Depend Real Fit Underwear Female X Large 8,7.79,5.20,2021-03-28
Depend Women Real Fit Underwear 8 Large,7.79,5.20,2021-03-28
Depend for Men Guards 20 Bulk Pack,7.79,5.20,2021-03-28
Curash Baby Wipes Original Vitamin E 3 x 80 Bulk Pack,8.79,5.20,2021-03-28
Curash Babycare Aloe Vera & Chamomile Wipes 3 x 80,8.79,5.20,2021-03-28
Curash Babycare Fragrance Free Wipes 3 x 80,8.79,5.20,2021-03-28
Oral B All Rounder Fresh Clean Toothbrush Medium 5 Pack,5.19,5.20,2021-03-28
Oral B Fresh Clean Toothbrush Soft 5 Pack,5.19,5.20,2021-03-28
Oral B All Rounder Fresh Clean Toothbrush Medium 5 Pack,5.19,5.20,2021-03-28
Oral B Fresh Clean Toothbrush Soft 5 Pack,5.19,5.20,2021-03-28
Oral Seven Mouth Gel 40mL(50g),14.49,5.16,2021-03-28
Oral Seven Mouthwash 500ml,14.49,5.16,2021-03-28
Oral B Toothpaste 3D White Brilliance Fresh Lotus 120g,4.99,5.00,2021-03-28
Oral B Toothpaste Sensitivity and Gum Extra Fresh Breath 90g,4.99,5.00,2021-03-28
Oral B Toothpaste Sensitivity and Gum All Day Protection 90g,4.99,5.00,2021-03-28
Oral B Toothbrush Clic 1 Pack,24.99,5.00,2021-03-28
Oral B Toothpaste Sensitivity and Gum Extra Fresh Breath 90g,4.99,5.00,2021-03-28
Oral B Toothpaste 3D White Brilliance Fresh Lotus 120g,4.99,5.00,2021-03-28
Oral B Toothbrush Clic 1 Pack,24.99,5.00,2021-03-28
Oral B Toothpaste 3D White Brilliance Charcoal 120g,4.99,5.00,2021-03-28
Oral B Toothpaste Gum Care & Bacteria Defence 110g,4.99,5.00,2021-03-28
Oral B Toothpaste Gum Care & Intensive Clean 110g,4.99,5.00,2021-03-28
Oral B Toothpaste Sensitivity and Gum All Day Protection 90g,4.99,5.00,2021-03-28
Oral B Gum Care & Sensitivity Repair Toothpaste 110g,4.99,5.00,2021-03-28
Oral B Gum Care & Enamel Restore Toothpaste 110g,4.99,5.00,2021-03-28
Oral B Gum Care & Whitening Toothpaste 110g,4.99,5.00,2021-03-28
Gillette Venus Embrace Pink Razor,10.99,5.00,2021-03-28
Gillette Venus Comfort Glide White Tea Cartridges 8 Pack,29.99,5.00,2021-03-28
Nature's Way Kids Smart Vita Gummies Omega-3 120 Gummies,21.99,5.00,2021-03-28
Nature's Own Odourless Fish Oil 1000mg 500 Capsules Exclusive Size,19.99,5.00,2021-03-28
Colgate Sensitive ProRelief Whitening Sensitive Teeth Pain fluoride Toothpaste 110g,4.99,5.00,2021-03-28
Oral B Toothbrush Clic 1 Pack,24.99,5.00,2021-03-28
Oral B Toothpaste 3D White Brilliance Charcoal 120g,4.99,5.00,2021-03-28
Oral B Toothpaste Gum Care & Bacteria Defence 110g,4.99,5.00,2021-03-28
Oral B Toothpaste Gum Care & Intensive Clean 110g,4.99,5.00,2021-03-28
Oral B Toothpaste Sensitivity and Gum All Day Protection 90g,4.99,5.00,2021-03-28
"Nature's Own Triple Strength Garlic + C, Horseradish - Contains Vitamin C - 200 Tablets Exclusive Size",28.99,5.00,2021-03-28
Cetaphil Daily Exfoliating Cleanser 178ml,10.99,5.00,2021-03-28
Cetaphil Face Hydrating Eye Cream-Serum with Hyaluronic Acid 14ml,10.99,5.00,2021-03-28
Gillette Venus Embrace Pink Razor,10.99,5.00,2021-03-28
Gillette Venus Comfort Glide White Tea Cartridges 8 Pack,29.99,5.00,2021-03-28
Gillette Venus Extra Smooth Sensitive Razor 2 Up,10.99,5.00,2021-03-28
Gillette Venus Extra Smooth Sensitive Razor 2 Up,10.99,5.00,2021-03-28
Cetaphil Daily Exfoliating Cleanser 178ml,10.99,5.00,2021-03-28
Cetaphil Face Hydrating Eye Cream-Serum with Hyaluronic Acid 14ml,10.99,5.00,2021-03-28
Gillette Venus Extra Smooth Sensitive Razor 2 Up,10.99,5.00,2021-03-28
Gillette Venus Extra Smooth Sensitive Razor 2 Up,10.99,5.00,2021-03-28
Gillette Venus Embrace Pink Razor,10.99,5.00,2021-03-28
Gillette Venus Comfort Glide White Tea Cartridges 8 Pack,29.99,5.00,2021-03-28
Gillette Venus Extra Smooth Sensitive Razor 2 Up,10.99,5.00,2021-03-28
Gillette Venus Extra Smooth Sensitive Razor 2 Up,10.99,5.00,2021-03-28
Cetaphil Daily Exfoliating Cleanser 178ml,10.99,5.00,2021-03-28
Cetaphil Face Hydrating Eye Cream-Serum with Hyaluronic Acid 14ml,10.99,5.00,2021-03-28
Wagner Fish Oil 1000 400 Capsules,9.99,5.00,2021-03-28
Wagner Policosanol 12mg 60 Tablets,19.99,5.00,2021-03-28
Wagner Glucosamine & Chondroitin + 200 Capsules,24.99,5.00,2021-03-28
La Roche-Posay Toleriane Sensitive Facial Moisturiser 40ml,26.99,4.96,2021-03-28
La Roche Posay Effaclar Duo Plus 40ml,26.99,4.96,2021-03-28
L'Oreal Clinically Proven Lash Serum,24.99,4.96,2021-03-28
Libra Goodnights Pads Ultra Thin 20,5.99,4.85,2021-03-28
Libra Pad Extra Goodnight 20 Pack,5.99,4.85,2021-03-28
Oral B Toothbrush Cross Action Pro Health Superior Clean Medium 2 Pack,4.74,4.75,2021-03-28
Oral B Toothbrush Cross Action Pro Health Superior Clean Medium 2 Pack,4.74,4.75,2021-03-28
Gillette Venus ComfortGlide White Tea Razor 1 Pack + 1 Refill,10.39,4.60,2021-03-28
Gillette Venus ComfortGlide White Tea Razor 1 Pack + 1 Refill,10.39,4.60,2021-03-28
Gillette Venus ComfortGlide White Tea Razor 1 Pack + 1 Refill,10.39,4.60,2021-03-28
Aveeno Active Naturals Daily Moisturising Wash 532mL,10.39,4.60,2021-03-28
Aveeno Active Naturals Skin Relief Gentle Scent Lotion Nourishing Coconut 354mL,10.39,4.60,2021-03-28
Aveeno Active Naturals Skin Relief Moisturising Cream Fragrance Free 312g,10.39,4.56,2021-03-28
Blackmores Cod Liver Oil 1000mg 80 Capsules,14.99,4.50,2021-03-28
Neutrogena Hydro Boost Cleanser Make-up Remover Facial Wipes 25 Pack,4.49,4.50,2021-03-28
Nature's Way Fish Oil 1000mg 200 Capsules,10.49,4.50,2021-03-28
Oral B 3D White Luxe Glamorous White Toothpaste 95g,4.49,4.50,2021-03-28
Oral B 3D White Luxe Glamorous White Toothpaste 95g,4.49,4.50,2021-03-28
La Roche-Posay Anthelios ULTRA SPF50+ Face Sunscreen For Dry Skin 50ml,25.49,4.46,2021-03-28
La Roche Posay Effaclar Micro Peeling Purifying Gel 200ml,25.49,4.46,2021-03-28
La Roche-Posay Anthelios XL Dry Touch SPF50+ Sunscreen For Oily Skin 50ml,25.49,4.46,2021-03-28
La Roche Posay Anthelios Invisible Fluid SPF 50+ 50ml,25.49,4.46,2021-03-28
La Roche-Posay Anthelios XL Dry Touch SPF50+ Sunscreen For Oily Skin 50ml,25.49,4.46,2021-03-28
Curash Babycare Fragrance Free Wipes 6 x 80,15.89,4.10,2021-03-28
ModelCo Tan Mousse Instant Bronze,20.99,4.01,2021-03-28
Neutrogena Norweigen Formula Hand Cream Fragrance Free 56g,3.99,4.00,2021-03-28
Neutrogena Deep Clean Purifying Micellar Makeup Remover Cleansing Towelettes Wipes 25 Pack,3.99,4.00,2021-03-28
Gillette Venus Classic Cartridge 8 Pack,22.99,4.00,2021-03-28
Gillette Venus Smooth Sensitive Cartridge 4 Pack,11.99,4.00,2021-03-28
Gillette Venus Classic Cartridge 8 Pack,22.99,4.00,2021-03-28
Gillette Venus Smooth Sensitive Cartridge 4 Pack,11.99,4.00,2021-03-28
Neutrogena Norwegian Formula Complete Comfort Foot Cream 56g,3.99,4.00,2021-03-28
Neutrogena Norwegian Hand Cream 56g,3.99,4.00,2021-03-28
Blackmores Vitamin A 5000IU 150 Capsules,14.49,4.00,2021-03-28
"Aveeno Active Naturals Stress Relief Moisturising Lotion Lavender, Chamomile and Ylang-Ylang Essences 354mL",8.99,4.00,2021-03-28
Wagner Vitamin D3 1000IU 500 Capsules,19.99,4.00,2021-03-28
Aveeno Active Naturals Daily Moisturising Sheer Hydration Fragrance Free Lotion 350mL,8.99,4.00,2021-03-28
Aveeno Dermexa Fast & Long Lasting Balm 75mL,8.99,4.00,2021-03-28
Aveeno Baby Calming Comfort Lavender & Vanilla Scented Moisturising Lotion 226mL,6.99,4.00,2021-03-28
Aveeno Baby Soothing Relief Fragrance Free Moisture Cream 140g,6.99,4.00,2021-03-28
Aveeno Baby Daily Moisture Lightly Scented Wash & Shampoo 236mL,6.99,4.00,2021-03-28
Aveeno Baby Calming Comfort Lavender & Vanilla Scented Bath 236mL,6.99,4.00,2021-03-28
Centrum Kids Multi Vitamin 60 Strawberry Tablets,8.99,4.00,2021-03-28
Aveeno Baby Soothing Relief Fragrance Free Creamy Wash 236mL,6.99,4.00,2021-03-28
Aveeno Baby Daily Moisturing Lotion 227ml,6.99,4.00,2021-03-28
Difflam Anti-Inflammatory Sugar Free Pineapple 24 Lozenges,5.99,4.00,2021-03-28
Wagner Ashwagandha 6000 120 Capsules,23.99,4.00,2021-03-28
Wagner Bilberry & Lutein+ 120 Capsules,18.99,4.00,2021-03-28
Oral B Pro Gum Care Manual Toothbrush 3 Pack,3.99,4.00,2021-03-28
Oral B Pro Gum Care Manual Toothbrush 3 Pack,3.99,4.00,2021-03-28
Nature's Own Vitamin B3 500mg - Vitamin B - 60 Tablets,8.99,4.00,2021-03-28
Nature's Own Vitamin B12 1000mcg - Vitamin B - 120 Tablets Exclusive Size,16.99,4.00,2021-03-28
Nature's Own Odourless Fish Oil 1500mg 500 Capsules Exclusive Size,25.99,4.00,2021-03-28
Nature's Way Apple Cider Vinegar 65 Gummies,15.99,4.00,2021-03-28
Nature's Own Vitamin B3 500mg - Vitamin B - 60 Tablets,8.99,4.00,2021-03-28
Gillette Venus Smooth Sensitive Cartridge 4 Pack,11.99,4.00,2021-03-28
Gillette Venus Classic Cartridge 8 Pack,22.99,4.00,2021-03-28
Difflam First Sign Defence Probiotic 10 Lozenges,10.00,3.99,2021-03-28
Bisolvon Chesty Kids Natural 200ml,13.00,3.99,2021-03-28
Aveeno Active Naturals Dermexa Moisturising Cream Fragrance Free 206g,18.00,3.99,2021-03-28
Aveeno Active Naturals Daily Moisturising Lotion Fragrance Free 354mL,8.99,3.96,2021-03-28
Aveeno Active Naturals Skin Relief Moisturising Lotion Fragrance Free 354mL,8.99,3.96,2021-03-28
L'Oreal Lash Paradise Mascara Black,20.99,3.96,2021-03-28
La Roche-Posay Effaclar Purifying Foaming Gel Anti-Acne Cleanser 200mL,21.99,3.96,2021-03-28
Nature's Way Adult Vita Gummies Magnesium 80 Gummies,15.99,3.96,2021-03-28
Nature's Way Adult Vita Gummies Omega 110 Gummies,15.99,3.96,2021-03-28
Libra Tampons Super 32,4.99,3.71,2021-03-28
Gillette Mach 3+ Razor 2 Up,8.39,3.60,2021-03-28
Depend Shields 14 Pack,5.39,3.60,2021-03-28
Depend Guards for Men One Size Fits All 12 Pack,5.39,3.60,2021-03-28
Gillette Mach 3+ Razor 2 Up,8.39,3.60,2021-03-28
Gillette Mach 3+ Razor 2 Up,8.39,3.60,2021-03-28
Gillette Sensor 3 Disposables 12 Pack,12.49,3.50,2021-03-28
Gillette Sensor 3 Disposables 12 Pack,12.49,3.50,2021-03-28
Depend Fitted Briefs Large 8 Pack,10.49,3.50,2021-03-28
Depend Fitted Briefs Medium 10 Pack,10.49,3.50,2021-03-28
Curash Babycare Soothing Oatmeal Wash 400mL,7.99,3.50,2021-03-28
Blackmores Superkids Omega Brain 50 Chewables,11.49,3.50,2021-03-28
Blackmores Natural Vitamin E Cream 50g,13.99,3.50,2021-03-28
Blackmores Superkids Immune 60 Gummies,11.49,3.50,2021-03-28
Blackmores Insolar 60 Tablets,15.99,3.50,2021-03-28
Blackmores Superkids Multi 60 Gummies,11.49,3.50,2021-03-28
Aveeno Active Naturals Skin Relief Gentle Scent Body Wash Nourishing Coconut 354mL,7.99,3.50,2021-03-28
Gillette Sensor 3 Disposables 12 Pack,12.49,3.50,2021-03-28
Barnes Naturals Organic Apple Cider Vinegar with the Mother 1000ml,8.49,3.50,2021-03-28
Oral B Complete 5 Way Clean (Medium) Manual Toothbrush 2 Pack,3.49,3.50,2021-03-28
Oral B Complete 5 Way Clean (Medium) Manual Toothbrush 2 Pack,3.49,3.50,2021-03-28
L'Oreal Paris Revitalift Eye 15ml,29.49,3.46,2021-03-28
Gillette Venus Sensitive Disposable Razors 3 Pack,6.99,3.40,2021-03-28
Gillette Venus Sensitive Disposable Razors 3 Pack,6.99,3.40,2021-03-28
Gillette Venus Sensitive Disposable Razors 3 Pack,6.99,3.40,2021-03-28
Gillette Venus Tropical Disposable 3 Pack,6.99,3.30,2021-03-28
Gillette Venus Tropical Disposable 3 Pack,6.99,3.30,2021-03-28
Gillette Venus Tropical Disposable 3 Pack,6.99,3.30,2021-03-28
L'Oreal Paris Age Perfect Cleansing Wipes 25 Pack,5.69,3.26,2021-03-28
Aveeno Active Naturals Skin Relief Moisturising Lotion 225mL,6.69,3.26,2021-03-28
Aveeno Active Naturals Daily Moisturising Fragrance Free Lotion 225mL,6.69,3.26,2021-03-28
Aveeno Active Naturals Daily Moisturising Body Wash 354mL,6.69,3.26,2021-03-28
Aveeno Skin Relief Body Wash Fragrance Free 354ml,6.69,3.26,2021-03-28
Aveeno Active Naturals Intense Relief Hand Cream Fragrance Free 100g,6.69,3.26,2021-03-28
Gillette Venus Embrace Disposable Razors 2 Pack,6.69,3.20,2021-03-28
Gillette Venus Embrace Disposable Razors 2 Pack,6.69,3.20,2021-03-28
Gillette Venus Embrace Disposable Razors 2 Pack,6.69,3.20,2021-03-28
Libra Tampons Regular 32,4.99,3.15,2021-03-28
Libra Ultra Thins Pads Wings Super 18,4.99,3.14,2021-03-28
Libra Ultra Thins Pads Wings Regular 20,4.99,3.14,2021-03-28
Gillette Fusion ProGlide Razor Blade Refill 4 Pack,25.49,3.11,2021-03-28
Gillette Fusion ProGlide Razor Blade Refill 4 Pack,25.49,3.11,2021-03-28
Gillette Fusion ProGlide Razor Blade Refill 4 Pack,25.49,3.11,2021-03-28
Caltrate 600mg 120 Tablets,9.49,3.01,2021-03-28
Advil Pain & Fever Chewable 7-12 Years 20 Tablets,4.99,3.00,2021-03-28
Caltrate Bone Health 60 Tablets,8.99,3.00,2021-03-28
Wagner Turmeric 3333 + 100 Capsules,16.99,3.00,2021-03-28
Difflam Plus Anaesthetic Spray Watermelon 30ml,15.99,3.00,2021-03-28
Wagner Super Bio Magnesium 100 Tablets,10.99,3.00,2021-03-28
Wagner Ginkgo Biloba 2000 100 Capsules,9.99,3.00,2021-03-28
Wagner Calcium + Vitamin D + K 100 Tablets,9.99,3.00,2021-03-28
Wagner Apple Cider Vinegar with Mother 120 Capsules,16.99,3.00,2021-03-28
"Aveeno Active Naturals Stress Relief Body Wash Lavender, Chamomile and Ylang-Ylang Essences 354mL",6.99,3.00,2021-03-28
Gillette Mach 3 Turbo Sensitive Razor,6.99,3.00,2021-03-28
Gillette Mach 3 Turbo Sensitive Razor,6.99,3.00,2021-03-28
Gillette Mach 3 Turbo Sensitive Razor,6.99,3.00,2021-03-28
Barnes Naturals Apple Cider Vinegar with Manuka 5+ 500ml,9.99,3.00,2021-03-28
Colgate Total Mint Waxed Durable Oral Care Dental Floss 100m,4.99,3.00,2021-03-28
Oral B Toothbrush 3D White Charcoal Manual 1 Pack,2.99,3.00,2021-03-28
Centrum Specialist Energy 60 Tablets,20.00,2.99,2021-03-28
Difflam Gargle Iodine 15ml,7.00,2.99,2021-03-28
Band-Aid First Aid Gauze Pads 8,4.00,2.99,2021-03-28
Gillette Venus Spa Breeze Disposable Razor 2 Pack,6.39,2.86,2021-03-28
Gillette Venus Spa Breeze Disposable Razor 2 Pack,6.39,2.86,2021-03-28
Gillette Venus Spa Breeze Disposable Razor 2 Pack,6.39,2.86,2021-03-28
Cetaphil Daily Advance Ultra Hydrating Lotion 473ml,24.49,2.81,2021-03-28
Cetaphil Daily Advance Ultra Hydrating Lotion 473ml,24.49,2.81,2021-03-28
Cetaphil Daily Advance Ultra Hydrating Lotion 473ml,24.49,2.81,2021-03-28
Aerogard Heavy Duty 40% Deet 300g Aerosol,14.99,2.81,2021-03-28
Gillette Fusion Pro Glide Sensitive Shave Gel Ocean Cool 170g,5.69,2.80,2021-03-28
Gillette Fusion Pro Glide Sensitive Shave Gel Ocean Cool 170g,5.69,2.80,2021-03-28
Gillette Fusion Proglide Sensitive Shaving Gel Active Sport 170g,5.69,2.80,2021-03-28
Gillette Fusion Pro Glide Sensitive Shave Gel Ocean Cool 170g,5.69,2.80,2021-03-28
Gillette Fusion Proglide Sensitive Shaving Gel Active Sport 170g,5.69,2.80,2021-03-28
Gillette Fusion Proglide Sensitive Shaving Gel Active Sport 170g,5.69,2.80,2021-03-28
Depend Undergarments with Buttons 16 Pack,8.21,2.74,2021-03-28
Cetaphil Ultra Gentle Refreshing Body Wash 1L,22.99,2.71,2021-03-28
Cetaphil Ultra Gentle Refreshing Body Wash 1L,22.99,2.71,2021-03-28
Cetaphil Ultra Gentle Refreshing Body Wash 1L,22.99,2.71,2021-03-28
Aveeno Skin Relief Moisturising Hand Mask 1 Pair,5.39,2.60,2021-03-28
Aveeno Skin Relief Moisturising Foot Mask 1 Pair,5.39,2.60,2021-03-28
Gillette Venus Razor 1 Cartridge,5.39,2.60,2021-03-28
Gillette Venus Razor 1 Cartridge,5.39,2.60,2021-03-28
Gillette Venus Razor 1 Cartridge,5.39,2.60,2021-03-28
Difflam Extra Strength Gel 75g,15.99,2.54,2021-03-28
Gillette Mach 3+ Cartridges 4 Pack,14.99,2.51,2021-03-28
Gillette Mach 3+ Cartridges 4 Pack,14.99,2.51,2021-03-28
Gillette Mach 3+ Cartridges 4 Pack,14.99,2.51,2021-03-28
Gillette Venus Swirl Shaving Blade Refill 4 Pack,23.49,2.50,2021-03-28
Nature's Way Kids Smart Vita Gummies Multi Vitamin & Vegies 60 Gummies,12.49,2.50,2021-03-28
Nature's Way Kids Smart Vita Gummies Omega Fish Oil 60 Pastilles Improved Formula,12.49,2.50,2021-03-28
Oral B Toothpaste Pro Health Advanced Whitening 110g,2.49,2.50,2021-03-28
Oral B Toothpaste Pro Health Advanced Deep Clean 110g,2.49,2.50,2021-03-28
Oral B Toothpaste Pro Health Advanced Whitening 110g,2.49,2.50,2021-03-28
Oral B Toothpaste Pro Health Advanced Deep Clean 110g,2.49,2.50,2021-03-28
Gillette Venus Swirl Shaving Blade Refill 4 Pack,23.49,2.50,2021-03-28
Gillette Venus Swirl Shaving Blade Refill 4 Pack,23.49,2.50,2021-03-28
Caltrate Vitamin D 1000iu 60 Capsules Bottle,7.49,2.50,2021-03-28
Band-Aid First Aid Rolled Gauze 5cm x 2.3m 1 Pack,2.50,2.49,2021-03-28
Cetaphil Moisturising Cream 550g,17.49,2.46,2021-03-28
Cetaphil Moisturising Cream 550g,17.49,2.46,2021-03-28
Cetaphil Moisturising Cream 550g,17.49,2.46,2021-03-28
La Roche-Posay Cicaplast Baume B5 40ml,14.49,2.46,2021-03-28
Libra Goodnights Pads Extra Long & Wide 6 Pack,2.99,2.43,2021-03-28
Libra Girl Pads Goodnight Wing 10 Pack,2.99,2.43,2021-03-28
Libra Ultra Thins Pads Regular 14 Pack,2.99,2.43,2021-03-28
Libra Pads Sport Reg Wing 12 Pack,2.99,2.43,2021-03-28
Libra Pads Invisible Body Fit with Wings Super 10,2.99,2.43,2021-03-28
Libra Ultra Thins Pads Super 12 Pack,2.99,2.43,2021-03-28
Libra Girl Pads Regular Wing 12 Pack,2.99,2.43,2021-03-28
Libra Pads Invisible Body Fit with Wings Regular 12,2.99,2.43,2021-03-28
Libra Pads Ultra Thins with Wings Super 12,2.99,2.43,2021-03-28
Libra Extra Long Maternity Pads Wings 10 Pack,2.99,2.43,2021-03-28
Libra Pads Sport Super Wing 10 Pack,2.99,2.43,2021-03-28
Libra Pads Goodnights 10,2.99,2.43,2021-03-28
Libra Pads Ultra Thins with Wings Regular 14,2.99,2.43,2021-03-28
Libra Pads Wings Super 12,2.99,2.43,2021-03-28
Libra Invisible Extra Long Maximum Protection Wings Pads 10 Pack,2.99,2.43,2021-03-28
Libra Pads Wings Regular 14,2.99,2.43,2021-03-28
Gillette Fusion Manual Shaving Blades Refill 4 Pack,22.49,2.36,2021-03-28
Gillette Fusion Manual Shaving Blades Refill 4 Pack,22.49,2.36,2021-03-28
Gillette Fusion Manual Shaving Blades Refill 4 Pack,22.49,2.36,2021-03-28
Gillette Venus3 Disposables 4 Pack,5.39,2.30,2021-03-28
Gillette Simply Venus Hybrid Razor 4Up,4.69,2.30,2021-03-28
Gillette Venus3 Disposables 4 Pack,5.39,2.30,2021-03-28
Gillette Simply Venus Hybrid Razor 4Up,4.69,2.30,2021-03-28
Gillette Venus3 Disposables 4 Pack,5.39,2.30,2021-03-28
Gillette Simply Venus Hybrid Razor 4Up,4.69,2.30,2021-03-28
Libra Goodnights Pants Small/Medium 2 Pack,2.75,2.24,2021-03-28
Libra Goodnights Pants Medium/Large 2 Pack,2.75,2.24,2021-03-28
Band-Aid Advanced Healing Hydro Seal Spot 10 Pack,5.00,2.19,2021-03-28
Libra Liners Dry Long 39,2.49,2.18,2021-03-28
Libra Tampons Tapered Design Super 16,2.99,2.15,2021-03-28
Libra Girl Tampon Super 16 Pack,2.99,2.15,2021-03-28
Gillette Sensor Excel Razor 1up,4.39,2.10,2021-03-28
Gillette Sensor Excel Razor 1up,4.39,2.10,2021-03-28
Gillette Sensor Excel Razor 1up,4.39,2.10,2021-03-28
Libra Tampons Super 16,2.99,2.06,2021-03-28
Healthy Care Fish Oil 1000mg Omega 3 400 Capsules,12.99,2.00,2021-03-28
Oral B Toothbrush Clic 2 Replacement Heads,11.99,2.00,2021-03-28
Oral B Toothbrush Clic 2 Replacement Heads,11.99,2.00,2021-03-28
Glucerna Triple Care Vanilla 850g,34.99,2.00,2021-03-28
Curash Babycare Fragrance Free Wipes 5 x 20,7.99,2.00,2021-03-28
Curash Babycare Simply Water Wipes 3 x 80,12.99,2.00,2021-03-28
Neutrogena T/Gel Therapeutic Shampoo 200mL,10.99,2.00,2021-03-28
Difflam Sore Throat Spray Forte 88 Sprays 15mL,13.99,2.00,2021-03-28
Difflam PLUS Lozenges Blackcurrant 16,7.99,2.00,2021-03-28
Difflam PLUS Lozenges Honey And Lemon 16,7.99,2.00,2021-03-28
Difflam PLUS Menthol And Eucalyptus Lozenge 16,7.99,2.00,2021-03-28
Difflam PLUS Berry Sugarfree Lozenge 16,7.99,2.00,2021-03-28
Caltrate Vitamin D 1000iu 300 Capsules Exclusive Size,12.99,2.00,2021-03-28
Difflam Plus Anaesthetic Pineapple & Lime 16 Lozenges,7.99,2.00,2021-03-28
Wagner Vitamin E 1000IU 100 Capsules,17.99,2.00,2021-03-28
Wagner Vitamin C 1000 Chewable 250 Tablets,17.99,2.00,2021-03-28
Wagner Grape Seed 12000 300 Capsules,22.99,2.00,2021-03-28
Wagner Super Colostrum Chewable 200 Tablets,19.99,2.00,2021-03-28
Wagner Olive Leaf 3600+ 100 Capsules,14.99,2.00,2021-03-28
Wagner Liver Detox 100 Capsules,14.99,2.00,2021-03-28
Wagner Vitamin C 500 Chewable 500 Tablets,17.99,2.00,2021-03-28
Wagner Triple Strength Omega-3 Fish Oil 150 Capsules,19.99,2.00,2021-03-28
Advil Rapid Release 96 Tablets,15.00,1.99,2021-03-28
Difflam 3% Gel 75g,14.49,1.98,2021-03-28
Cetaphil Daily Facial Moisturiser 118ml,17.99,1.96,2021-03-28
Cetaphil Daily Facial Moisturiser 118ml,17.99,1.96,2021-03-28
L'Oreal Paris Elvive Extraordinary Oil Treatment 100ml for Dry Hair,17.99,1.96,2021-03-28
Gillette Venus Embrace Cartridge 4 Pack,19.99,1.96,2021-03-28
Gillette Venus Extra Smooth Sensitive Cartridge 4 Pack,19.99,1.96,2021-03-28
Gillette Venus Embrace Cartridge 4 Pack,19.99,1.96,2021-03-28
Gillette Venus Extra Smooth Sensitive Cartridge 4 Pack,19.99,1.96,2021-03-28
Cetaphil Daily Facial Moisturiser 118ml,17.99,1.96,2021-03-28
Gillette Venus Embrace Cartridge 4 Pack,19.99,1.96,2021-03-28
Gillette Venus Extra Smooth Sensitive Cartridge 4 Pack,19.99,1.96,2021-03-28
Cetaphil Pro Acne Prone Oil Free Facial Moisturising Lotion SPF 25 118ml,18.49,1.91,2021-03-28
Cetaphil Pro Acne Prone Oil Free Facial Moisturising Lotion SPF 25 118ml,18.49,1.91,2021-03-28
Cetaphil Pro Acne Prone Oil Free Facial Moisturising Lotion SPF 25 118ml,18.49,1.91,2021-03-28
Gillette Blue II Disposables Pivot Plus 16 Pack,12.99,1.76,2021-03-28
Gillette Blue II Disposables Pivot Plus 16 Pack,12.99,1.76,2021-03-28
Gillette Blue II Disposables Pivot Plus 16 Pack,12.99,1.76,2021-03-28
Libra Liners 3-in1 Breathable 50,2.49,1.71,2021-03-28
Libra Liners Original Absorbent 50,2.49,1.71,2021-03-28
Ensure Plus Vanilla 237ml Liquid,3.99,1.71,2021-03-28
Libra Girl Tampon Regular 16 Pack,2.99,1.68,2021-03-28
Libra Tampons Tapered Design Regular 16,2.99,1.68,2021-03-28
Oral B Pro Health Clinical Floss 40m,3.84,1.65,2021-03-28
Libra Liners Dry 28,1.99,1.56,2021-03-28
Libra Double Liners So Slim 20,1.99,1.56,2021-03-28
Libra Tampons Regular 16,2.99,1.55,2021-03-28
Aerogard Heavy Duty 40% Deet 150g Aerosol,10.99,1.51,2021-03-28
Aerogard Odourless Insect Repellent 250ml Pump,8.49,1.51,2021-03-28
Aerogard Fabric Insect Repellent Odourless Spray 150g,9.99,1.51,2021-03-28
Aerogard Tropical Strength Insect Repellant 150g Aerosol,6.99,1.51,2021-03-28
Caltrate Chocolate Soft Chews 60,11.49,1.50,2021-03-28
Caltrate Bone & Muscle 50+ 60 Tablets,11.49,1.50,2021-03-28
Caltrate Bone and Muscle 60 Tablets,11.49,1.50,2021-03-28
Gillette Venus Comfortglide White Tea Razor Blades Refill 4 Pack,18.49,1.50,2021-03-28
Neutrogena Hydro Boost Water Gel Lotion SPF50 88mL,15.49,1.50,2021-03-28
Gillette Venus Comfortglide White Tea Razor Blades Refill 4 Pack,18.49,1.50,2021-03-28
Gillette Venus Comfortglide White Tea Razor Blades Refill 4 Pack,18.49,1.50,2021-03-28
Nature's Way Kids Smart Omega-3 Fish Oil Strawberry Flavour 50 Chewable Capsules,14.49,1.50,2021-03-28
Oral B Toothbrush Cross Action Indicator 3 Pack,10.49,1.50,2021-03-28
Oral B Superfloss Dental Floss Pre-Cut Strands 50 pack,3.49,1.50,2021-03-28
Oral B Toothpaste Pro Health Protect All Around Protection 200g,6.49,1.50,2021-03-28
Oral B Toothpaste Pro Health Protect Refreshing Clean 200g,6.49,1.50,2021-03-28
Oral B Toothpaste Pro Health Protect All Around Protection 200g,6.49,1.50,2021-03-28
Oral B Toothpaste Pro Health Protect Refreshing Clean 200g,6.49,1.50,2021-03-28
Oral B Toothbrush Cross Action Indicator 3 Pack,10.49,1.50,2021-03-28
L'Oreal Paris Gentle Eyes & Lips Waterproof Make-up Remover 125ml,12.49,1.46,2021-03-28
Oral Seven Toothpaste,10.99,1.41,2021-03-28
Cetaphil Pro Acne Prone Oil Control Foam Wash 236ml,14.99,1.31,2021-03-28
Cetaphil Pro Acne Prone Oil Control Foam Wash 236ml,14.99,1.31,2021-03-28
Cetaphil Pro Acne Prone Oil Control Foam Wash 236ml,14.99,1.31,2021-03-28
Oral B Toothpaste Kids Stages 92g,2.79,1.20,2021-03-28
Oral B Toothpaste Kids Stages 92g,2.79,1.20,2021-03-28
Curash Babycare Medicated Nappy Rash Cream 100g,5.99,1.10,2021-03-28
Aerogard Roll On Tropical Strength 50mL,5.49,1.07,2021-03-28
Aerogard Tropical Strength Insect Repellant 135ml Pump,6.49,1.07,2021-03-28
Aerogard Odourless Insect Repellant 135ml Pump,6.49,1.07,2021-03-28
Oral B Kids Toothpaste 3+ Years Frozen 92g,2.44,1.05,2021-03-28
Oral B Kids Toothpaste 3+ Years Frozen 92g,2.44,1.05,2021-03-28
Oral B Satin tape Dental Floss Mint 25m,2.44,1.05,2021-03-28
Oral B Satin tape Dental Floss Mint 25m,2.44,1.05,2021-03-28
Aerogard For Kids Roll On 50ml,7.49,1.01,2021-03-28
Aerogard For Kids Pump Spray 135ml,7.49,1.01,2021-03-28
Aerogard Odourless Insect Repellant 175ml Pump,7.49,1.01,2021-03-28
Aerogard Odourless Insect Repellant 50ml Roll On,5.49,1.01,2021-03-28
Cetaphil Gentle Skin Cleanser 250mL,9.99,1.01,2021-03-28
Cetaphil Moisturising Lotion 250mL,9.99,1.01,2021-03-28
Cetaphil Oily Skin Cleanser 235ml,9.99,1.01,2021-03-28
Cetaphil Gentle Skin Cleanser 250mL,9.99,1.01,2021-03-28
Cetaphil Oily Skin Cleanser 235ml,9.99,1.01,2021-03-28
Cetaphil Moisturising Lotion 250mL,9.99,1.01,2021-03-28
Cetaphil Gentle Skin Cleanser 250mL,9.99,1.01,2021-03-28
Cetaphil Moisturising Lotion 250mL,9.99,1.01,2021-03-28
Cetaphil Oily Skin Cleanser 235ml,9.99,1.01,2021-03-28
Neutrogena Night Calming Makeup Remover Cleansing Towelettes Wipes 25 Pack,6.99,1.00,2021-03-28
Neutrogena Makeup Remover Cleansing Towelettes Wipes 25 Pack,6.99,1.00,2021-03-28
Curash Babycare Simply Water Wipes 80,4.99,1.00,2021-03-28
Curash Babycare Fragrance Free Wipes 80,3.99,1.00,2021-03-28
Curash Babycare Aloe Vera & Chamomile Wipes 80,3.99,1.00,2021-03-28
Aveeno Intense Relief Hand Cream 50g,5.99,1.00,2021-03-28
Difflam Sore Throat Spray 176 Sprays 30ml,12.99,1.00,2021-03-28
Difflam Sugar Free Honey & Lemon 16 Lozenges,6.99,1.00,2021-03-28
Difflam Anti-Inflammatory Sugar Free Strawberry 16 Lozenges,6.99,1.00,2021-03-28
Difflam Sugar Free Orange 16 Lozenges,6.99,1.00,2021-03-28
Band-Aid Advanced Footcare Blister Cushions Assorted Shapes 5 Pack,10.99,1.00,2021-03-28
Band-Aid Advanced Footcare Blister Cushions Medium 5 Pack,10.99,1.00,2021-03-28
Advil Mini Liquid 20 Capsules,5.49,1.00,2021-03-28
Difflam Sugar Free Raspberry 16 Lozenges,6.99,1.00,2021-03-28
Wagner Hair Skin & Nails 100 Capsules,14.99,1.00,2021-03-28
Oral B Essential Floss Original 50m,1.99,1.00,2021-03-28
Oral B Essential Floss Original 50m,1.99,1.00,2021-03-28
Oral B Toothbrush Cross Action Indicator 1 Pack,4.99,1.00,2021-03-28
Oral B Toothbrush Sensiclean Precision Gum Care Extra Soft 2 Pack,2.99,1.00,2021-03-28
Oral B Toothbrush Bamboo Charcoal 1 Pack,4.99,1.00,2021-03-28
Oral B Toothbrush Cross Action Indicator 1 Pack,4.99,1.00,2021-03-28
Oral B Toothbrush Bamboo Charcoal 1 Pack,4.99,1.00,2021-03-28
Oral B Toothbrush Sensiclean Precision Gum Care Extra Soft 2 Pack,2.99,1.00,2021-03-28
Band-Aid Character Strips Marvel Avengers 15 Pack,1.50,0.99,2021-03-28
Band-Aid Character Strips Frozen 15,1.50,0.99,2021-03-28
Band-Aid Character Strips Mickey Mouse 15,1.50,0.99,2021-03-28
Aveeno Active Naturals Daily Moisturising Fragrance Free Lotion 71mL Travel Size,2.99,0.96,2021-03-28
Cetaphil Intensive Moisturising Cream 85g,8.99,0.96,2021-03-28
Cetaphil Moisture Cream 100g,8.49,0.96,2021-03-28
Cetaphil Daily Advance 85g,9.49,0.96,2021-03-28
L'Oreal Paris Revitalift Filler Replumping Sheet Mask 30g,6.99,0.96,2021-03-28
L'Oreal Paris Revitalift Lifting Sheet Mask 30g,6.99,0.96,2021-03-28
L'Oreal Paris Revitalift Plumping Sheet Mask 30g,6.99,0.96,2021-03-28
Cetaphil Daily Advance 85g,9.49,0.96,2021-03-28
Cetaphil Intensive Moisturising Cream 85g,8.99,0.96,2021-03-28
Cetaphil Moisture Cream 100g,8.49,0.96,2021-03-28
Cetaphil Daily Advance 85g,9.49,0.96,2021-03-28
Cetaphil Intensive Moisturising Cream 85g,8.99,0.96,2021-03-28
Cetaphil Moisture Cream 100g,8.49,0.96,2021-03-28
Curash Babycare Anti-Rash Baby Powder 100g,5.99,0.90,2021-03-28
Cetaphil Gentle Skin Cleanser 125mL,7.99,0.81,2021-03-28
Cetaphil Gentle Skin Cleanser 125mL,7.99,0.81,2021-03-28
Cetaphil Gentle Skin Cleanser 125mL,7.99,0.81,2021-03-28
Difflam Extra Strength Gel 5% 30g,9.49,0.80,2021-03-28
Band-Aid Advanced Healing Hydro Seal Jumbo 3 Pack,6.49,0.70,2021-03-28
Cetaphil Gentle Cleansing Bar 127g,8.99,0.66,2021-03-28
Cetaphil Antibacterial Bar 127g,8.99,0.66,2021-03-28
Cetaphil Gentle Skin 25 Cleansing Cloths,6.99,0.66,2021-03-28
Cetaphil Antibacterial Bar 127g,8.99,0.66,2021-03-28
Cetaphil Gentle Cleansing Bar 127g,8.99,0.66,2021-03-28
Cetaphil Gentle Skin 25 Cleansing Cloths,6.99,0.66,2021-03-28
Cetaphil Antibacterial Bar 127g,8.99,0.66,2021-03-28
Cetaphil Gentle Skin 25 Cleansing Cloths,6.99,0.66,2021-03-28
Cetaphil Gentle Cleansing Bar 127g,8.99,0.66,2021-03-28
Curash Babycare Fragrance Free Wipes 20,1.99,0.50,2021-03-28
Curash Babycare Soap Free Bath 400ml,6.49,0.50,2021-03-28
Glucerna Vanilla RTD 200ml,3.49,0.50,2021-03-28
Neutrogena T/Gel Daily Control 2 in 1 Anti-Dandruff Shampoo Plus Conditioner 200 mL,5.49,0.50,2021-03-28
Centrum Advance 50+ 30 Tablets,9.49,0.50,2021-03-28
Centrum Advance 30 Tablets,9.49,0.50,2021-03-28
Aveeno Skin Relief Lotion 71g,4.99,0.50,2021-03-28
Band-Aid Plastic Strips Assorted Shapes 50 Pack,4.49,0.50,2021-03-28
Band-Aid Advanced Healing Hydro Seal Blister Block 4 Pack,6.49,0.50,2021-03-28
Band-Aid Clear Spots 40 Pack,4.49,0.50,2021-03-28
Band-Aid Plastic Strips 50 Pack,4.49,0.50,2021-03-28
Band-Aid Extra Wide Plastic Strips 40 Pack,4.49,0.50,2021-03-28
Band-Aid Clear Strips 40 Pack,4.49,0.50,2021-03-28
Band-Aid Character Strips Star Wars 15,2.00,0.49,2021-03-28
L'Oreal Paris Youth Code Serum 30ml,53.99,0.46,2021-03-28
Curash Babycare Shampoo & Conditioner 400ml,6.49,0.40,2021-03-28
Band-Aid Skin-Flex Regular Adhesive Strips 40 Pack,8.49,0.40,2021-03-28
Gillette Disposable Razors Blue II Plus 5 Pack Pivot,5.49,0.36,2021-03-28
Gillette Disposable Razors Blue II Plus 5 Pack Pivot,5.49,0.36,2021-03-28
Gillette Disposable Razors Blue II Plus 5 Pack Pivot,5.49,0.36,2021-03-28
Neutrogena T/Gel Anti-Dandruff Conditioner 130mL,7.99,0.30,2021-03-28
Band-Aid Plastic Strips 10 Pack,1.49,0.24,2021-03-28
Band-Aid Plastic Strips 100 Pack,7.99,0.20,2021-03-28
Band-Aid Advanced Healing Hydro Seal Gel Plasters Large 6 Pack,6.99,0.20,2021-03-28
Band-Aid Advanced Healing Hydro Seal Gel Plasters Regular 10 Pack,6.99,0.20,2021-03-28
Band-Aid Tough Strips Extra Large Fabric Strips 10 Pack,2.99,0.15,2021-03-28
Band-Aid Tough Strips 20 Pack,2.99,0.15,2021-03-28
Band-Aid Tough Strips 40 Pack,5.49,0.10,2021-03-28
Curash Family Medicated Powder 100g,5.99,0.10,2021-03-28
Curash Babycare Medicated Nappy Rash Spray 50ml,9.99,0.01,2021-03-28
Curash Babycare Multi Purpose Healing Cream 75g,8.49,0.00,2021-03-28
Curash Babycare Sorbolene Cream 400mL,5.99,0.00,2021-03-28
Gillette Simply Venus Disposable Razor 4 Pack,2.99,0.00,2021-03-28
Gillette Daisy 3 4 Pack,5.99,0.00,2021-03-28
Gillette Simply Venus Disposable Razor 4 Pack,2.99,0.00,2021-03-28
Gillette Daisy 3 4 Pack,5.99,0.00,2021-03-28
Band-Aid Waterproof Tough Strips 20 Pack,3.99,0.00,2021-03-28
Band-Aid Adhesive Fabric Strips 50 Pack,4.99,0.00,2021-03-28
Band-Aid Waterproof Tough Strips Extra Large 10 Pack,3.99,0.00,2021-03-28
Band-Aid Character Strips Camp Quality 15 Pack,2.49,0.00,2021-03-28
Band-Aid Character Strips Super Heroes 15 Pack,2.49,0.00,2021-03-28
Band-Aid Character Strips Box of Hugs 15 Pack,2.49,0.00,2021-03-28
Band-Aid First Aid Non-Stick Pads 8 Pack,5.99,0.00,2021-03-28
Advil Liquid Capsules 90,12.99,0.00,2021-03-28
Advil 96 Tablets,9.99,0.00,2021-03-28
Advil Rapid Release 48 Tablets,8.99,0.00,2021-03-28
Advil Pain & Fever Suspension 200mL,11.99,0.00,2021-03-28
Advil Rapid Release 24 Tablets,4.49,0.00,2021-03-28
Advil Liquid Capsules 40,9.49,0.00,2021-03-28
Advil Pain & Fever Infant Drops 40ml,7.99,0.00,2021-03-28
Band-Aid Antibacterial Hand Sanitising Solution 250ml,6.99,0.00,2021-03-28
Band-Aid Aquablock Sterile Strips 40 Pack,5.99,0.00,2021-03-28
Band-Aid Character Strips Curious Creations 15 Pack,2.49,0.00,2021-03-28
Band-Aid Fabric Full Width Pad 24 Pack,3.49,0.00,2021-03-28
Band-Aid First Aid Non-Irritating Paper Tape 2.5cm x 9.1m 1 Pack,6.99,0.00,2021-03-28
Band-Aid Antibacterial Hand Sanitising Solution 60ml,2.99,0.00,2021-03-28
Band-Aid Skin-Flex Regular Strips 20 Pack,4.99,0.00,2021-03-28
Advil Tablets 24,4.99,0.00,2021-03-28
Advil Liquid Capsules 20,4.99,0.00,2021-03-28
Advil 12 Hour 16 Tablets,10.99,0.00,2021-03-28
Advil Mini Liquid 90 Capsules,19.99,0.00,2021-03-28
Advil Mini Liquid 40 Capsules,9.99,0.00,2021-03-28
Advil Pain & Fever Chewable 2-7 Years 20 Tablets,4.99,0.00,2021-03-28
Difflam-C Anti-inflammatory Antiseptic Solution 200ml,12.49,0.00,2021-03-28
Wagner Cranberry 25000+ 90 Capsules,15.99,0.00,2021-03-28
Wagner Evening Primrose Oil 1000 200 Capsules,17.99,0.00,2021-03-28
Wagner Professional Ferro Plus C 30 Modified Release Tablets,14.99,0.00,2021-03-28
Wagner High Strength Zinc 120 Tablets,9.99,0.00,2021-03-28
Difflam Anti-inflammatory Gargle 500ml,16.99,0.00,2021-03-28
Difflam Plus Sugar Free Blackcurrant 24 Lozenges,8.99,0.00,2021-03-28
Difflam Anti-inflammatory Mouth Gel 10g,8.99,0.00,2021-03-28
Bisolvon Chesty Forte Tablets 100 Pack - Cough Tablets,19.49,0.00,2021-03-28
Bisolvon Chesty Forte Tablets 100 Pack - Cough Tablets,19.49,0.00,2021-03-28
Bisolvon Chesty Forte Liquid 200mL - Cough Liquid,14.49,0.00,2021-03-28
Bisolvon Chesty Kids Strawberry Flavour Oral Liquid 200mL - Cough Liquid,14.49,0.00,2021-03-28
Bisolvon Pholcodine Dry Forte Liquid 200mL - Cough Liquid,14.49,0.00,2021-03-28
Bisolvon Chesty Forte Tablets 50 Pack - Cough Tablets,13.49,0.00,2021-03-28
Bisolvon Dry Honey Lime Flavour Pastilles 20 Pack - Cough Pastilles,8.99,0.00,2021-03-28
Bisolvon Chesty Oral Liquid 250mL - Cough Liquid,14.49,0.00,2021-03-28
Wagner Multivite For 50+ 100 Capsules,17.99,0.00,2021-03-28
Wagner Mens Multivite 100 Capsules,17.99,0.00,2021-03-28
Wagner Womens Multivite 100 Capsules,17.99,0.00,2021-03-28
Wagner Lecithin 1200 100 Capsules,9.99,0.00,2021-03-28
Wagner Horseradish Vitamin C & Garlic 200 Tablets,17.99,0.00,2021-03-28
Wagner Kids Zinc Plus Chewable 100 Tablets,8.99,0.00,2021-03-28
Wagner Glucosamine HCL 1500 400 Tablets,34.99,0.00,2021-03-28
Wagner Colostrum Milk Powder 250g,15.99,0.00,2021-03-28
Wagner Aloe Vera Juice 1 Litre,16.99,0.00,2021-03-28
Wagner Professional Ferro-Sustain 30 Modified Release Tablets,9.99,0.00,2021-03-28
Wagner Body Science Premium Stabiliser Thumb Adjustable Small/Medium,17.99,0.00,2021-03-28
Wagner Body Science Premium Brace Ankle Adjustable Small/Medium,29.99,0.00,2021-03-28
Wagner Body Science Premium Support Wrist Adjustable,17.99,0.00,2021-03-28
Wagner Kids Multivite Chew 90 Tablets,9.99,0.00,2021-03-28
Wagner Kids Vitamin C Chewable 100 Tablets,9.99,0.00,2021-03-28
Wagner Body Science Deluxe Sling Arm Adjustable,23.99,0.00,2021-03-28
Wagner Body Science Premium Support Elbow Adjustable,19.99,0.00,2021-03-28
Wagner Squalene 1000 200 Capsules,29.99,0.00,2021-03-28
Wagner Propolis 2150 200 Capsules,21.99,0.00,2021-03-28
Wagner High Strength Garlic 10000 100 Capsules,19.99,0.00,2021-03-28
Blackmores Super Strength CoQ10 300mg 90 Capsules Exclusive Size,50.99,0.00,2021-03-28
Gillette Simply Venus Disposable Razor 4 Pack,2.99,0.00,2021-03-28
Gillette Daisy 3 4 Pack,5.99,0.00,2021-03-28
Nurofen For Children 3months - 5years Pain and Fever Relief 100mg/5mL Ibuprofen Strawberry 200mL,15.99,0.00,2021-03-28
Nurofen For Children 5-12yrs Pain and Fever Relief Concentrated Liquid 200mg/5mL Ibuprofen Strawberry 200mL,22.99,0.00,2021-03-28
Oral Eze Dental Emergency 5mL,10.49,0.00,2021-03-28
